date,ticker,post_mentions,comment_mentions,total_mentions,sentiment_mean
2020-12-08,AMC,0,17,17,-0.042
2020-12-08,BB,8,17,25,0.356
2020-12-08,BBBY,0,3,3,0.0
2020-12-08,GME,71,2677,2748,0.082
2020-12-08,NOK,3,29,32,0.088
2020-12-09,AMC,1,2,3,0.135
2020-12-09,BB,3,27,30,0.066
2020-12-09,BBBY,0,2,2,0.198
2020-12-09,GME,131,2479,2610,0.073
2020-12-09,NOK,0,26,26,-0.006
2020-12-10,AMC,0,29,29,0.28
2020-12-10,BB,3,13,16,0.18
2020-12-10,BBBY,0,2,2,0.0
2020-12-10,GME,39,901,940,0.098
2020-12-10,NOK,3,30,33,0.169
2020-12-11,AMC,0,28,28,-0.146
2020-12-11,BB,1,20,21,0.059
2020-12-11,BBBY,0,3,3,0.091
2020-12-11,GME,42,543,585,0.124
2020-12-11,NOK,2,17,19,0.108
2020-12-12,AMC,1,39,40,0.195
2020-12-12,BB,1,18,19,0.15
2020-12-12,GME,33,314,347,0.132
2020-12-12,NOK,0,14,14,0.171
2020-12-13,AMC,1,14,15,0.191
2020-12-13,BB,1,13,14,0.284
2020-12-13,BBBY,0,1,1,0.0
2020-12-13,GME,16,446,462,0.124
2020-12-13,NOK,1,13,14,0.21
2020-12-14,AMC,4,63,67,0.108
2020-12-14,BB,3,12,15,0.101
2020-12-14,GME,44,938,982,0.086
2020-12-14,NOK,0,8,8,-0.113
2020-12-15,AMC,4,81,85,-0.033
2020-12-15,BB,1,22,23,0.289
2020-12-15,BBBY,1,3,4,0.249
2020-12-15,GME,36,1032,1068,0.092
2020-12-15,NOK,0,18,18,0.181
2020-12-16,AMC,1,81,82,0.087
2020-12-16,BB,3,16,19,0.157
2020-12-16,BBBY,0,1,1,0.273
2020-12-16,GME,26,494,520,0.079
2020-12-16,NOK,0,4,4,0.216
2020-12-17,AMC,2,74,76,0.123
2020-12-17,BB,17,28,45,0.222
2020-12-17,BBBY,0,7,7,0.176
2020-12-17,GME,29,694,723,0.075
2020-12-17,NOK,0,18,18,0.154
2020-12-18,AMC,1,29,30,0.078
2020-12-18,BB,8,32,40,0.103
2020-12-18,BBBY,0,3,3,0.026
2020-12-18,GME,27,1028,1055,0.089
2020-12-18,NOK,0,16,16,0.212
2020-12-19,AMC,2,12,14,0.089
2020-12-19,BB,1,7,8,-0.256
2020-12-19,GME,13,309,322,0.18
2020-12-19,NOK,0,7,7,0.01
2020-12-20,AMC,1,4,5,0.582
2020-12-20,BB,3,1,4,-0.242
2020-12-20,GME,22,349,371,0.109
2020-12-20,NOK,2,22,24,0.001
2020-12-21,AMC,2,85,87,0.176
2020-12-21,BB,0,8,8,0.12
2020-12-21,BBBY,4,11,15,0.418
2020-12-21,GME,44,995,1039,0.101
2020-12-21,NOK,1,14,15,0.175
2020-12-22,AMC,2,44,46,0.162
2020-12-22,BB,2,10,12,0.095
2020-12-22,GME,117,3355,3472,0.067
2020-12-22,NOK,0,18,18,0.161
2020-12-23,AMC,3,28,31,0.186
2020-12-23,BB,1,17,18,0.178
2020-12-23,BBBY,1,7,8,0.051
2020-12-23,GME,182,4019,4201,0.078
2020-12-23,NOK,1,19,20,-0.027
2020-12-24,AMC,2,7,9,0.339
2020-12-24,BB,1,8,9,0.101
2020-12-24,BBBY,0,5,5,0.0
2020-12-24,GME,93,1808,1901,0.106
2020-12-24,NOK,0,7,7,0.191
2020-12-25,AMC,1,19,20,0.178
2020-12-25,BBBY,0,2,2,0.985
2020-12-25,GME,40,873,913,0.192
2020-12-25,NOK,0,8,8,0.413
2020-12-26,AMC,2,21,23,-0.005
2020-12-26,BB,0,2,2,-0.625
2020-12-26,GME,72,956,1028,0.198
2020-12-26,NOK,2,9,11,0.134
2020-12-27,AMC,1,28,29,-0.014
2020-12-27,BB,1,4,5,0.071
2020-12-27,BBBY,1,8,9,-0.136
2020-12-27,GME,82,1183,1265,0.143
2020-12-27,NOK,2,12,14,0.387
2020-12-28,AMC,1,49,50,-0.118
2020-12-28,BB,0,14,14,0.157
2020-12-28,BBBY,7,13,20,0.406
2020-12-28,GME,139,2622,2761,0.086
2020-12-28,NOK,2,33,35,0.16
2020-12-29,AMC,4,47,51,0.303
2020-12-29,BBBY,13,103,116,0.195
2020-12-29,GME,146,2297,2443,0.1
2020-12-29,NOK,2,9,11,0.037
2020-12-30,AMC,12,37,49,0.148
2020-12-30,BB,0,2,2,0.181
2020-12-30,BBBY,5,65,70,0.074
2020-12-30,GME,106,1867,1973,0.083
2020-12-30,NOK,0,14,14,-0.048
2020-12-31,AMC,3,38,41,-0.031
2020-12-31,BB,1,0,1,-0.202
2020-12-31,BBBY,2,40,42,-0.055
2020-12-31,GME,152,2785,2937,0.147
2020-12-31,NOK,2,22,24,0.103
2021-01-01,AMC,3,16,19,0.204
2021-01-01,BB,0,6,6,0.245
2021-01-01,BBBY,1,16,17,0.092
2021-01-01,GME,108,908,1016,0.19
2021-01-01,NOK,0,8,8,0.204
2021-01-02,AMC,1,2,3,-0.366
2021-01-02,BBBY,3,19,22,0.065
2021-01-02,GME,77,1102,1179,0.15
2021-01-02,NOK,0,9,9,-0.072
2021-01-03,AMC,2,2,4,0.0
2021-01-03,BB,0,4,4,0.352
2021-01-03,BBBY,7,34,41,0.356
2021-01-03,GME,46,665,711,0.179
2021-01-03,NOK,1,12,13,0.2
2021-01-04,AMC,2,6,8,0.156
2021-01-04,BB,0,1,1,0.0
2021-01-04,BBBY,6,62,68,0.176
2021-01-04,GME,107,1561,1668,0.076
2021-01-04,NOK,5,35,40,0.23
2021-01-05,AMC,0,6,6,0.156
2021-01-05,BB,3,3,6,0.26
2021-01-05,BBBY,6,155,161,0.085
2021-01-05,GME,93,1286,1379,0.077
2021-01-05,NOK,0,23,23,0.249
2021-01-06,AMC,5,3,8,0.145
2021-01-06,BB,1,4,5,0.269
2021-01-06,BBBY,4,183,187,0.091
2021-01-06,GME,71,1081,1152,0.089
2021-01-06,NOK,1,46,47,0.283
2021-01-07,AMC,1,4,5,-0.501
2021-01-07,BB,2,25,27,0.197
2021-01-07,BBBY,7,189,196,0.076
2021-01-07,GME,58,967,1025,0.061
2021-01-07,NOK,0,15,15,-0.004
2021-01-08,AMC,1,1,2,-0.556
2021-01-08,BB,4,24,28,0.123
2021-01-08,BBBY,0,25,25,-0.012
2021-01-08,GME,74,1000,1074,0.072
2021-01-08,NOK,0,8,8,0.06
2021-01-09,AMC,0,2,2,0.0
2021-01-09,BB,1,7,8,0.196
2021-01-09,BBBY,0,6,6,0.072
2021-01-09,GME,40,391,431,0.073
2021-01-09,NOK,0,7,7,0.191
2021-01-10,AMC,0,2,2,-0.784
2021-01-10,BB,0,18,18,0.415
2021-01-10,BBBY,1,10,11,0.201
2021-01-10,GME,58,681,739,0.153
2021-01-10,NOK,1,17,18,0.126
2021-01-11,AMC,4,5,9,-0.264
2021-01-11,BB,2,32,34,0.218
2021-01-11,BBBY,0,13,13,0.464
2021-01-11,GME,140,2295,2435,0.092
2021-01-11,NOK,1,58,59,0.19
2021-01-12,AMC,6,4,10,-0.11
2021-01-12,BB,1,16,17,0.242
2021-01-12,BBBY,1,19,20,0.148
2021-01-12,GME,64,1153,1217,0.11
2021-01-12,NOK,1,15,16,0.132
2021-01-13,AMC,4,4,8,0.079
2021-01-13,BB,11,22,33,0.308
2021-01-13,BBBY,4,57,61,0.196
2021-01-13,GME,731,10257,10988,0.108
2021-01-13,NOK,2,11,13,0.023
2021-01-14,AMC,6,9,15,0.065
2021-01-14,BB,83,375,458,0.125
2021-01-14,BBBY,23,437,460,0.129
2021-01-14,GME,829,14075,14904,0.096
2021-01-14,NOK,6,93,99,0.169
2021-01-15,AMC,64,115,179,0.078
2021-01-15,BB,161,675,836,0.11
2021-01-15,BBBY,27,424,451,0.083
2021-01-15,GME,965,14144,15109,0.09
2021-01-15,NOK,6,163,169,0.115
2021-01-16,AMC,19,7,26,0.229
2021-01-16,BB,50,165,215,0.194
2021-01-16,BBBY,10,69,79,0.233
2021-01-16,GME,463,4310,4773,0.165
2021-01-16,NOK,6,104,110,0.188
2021-01-17,AMC,24,7,31,0.006
2021-01-17,BB,26,156,182,0.165
2021-01-17,BBBY,0,42,42,0.073
2021-01-17,GME,270,3456,3726,0.182
2021-01-17,NOK,5,97,102,0.224
2021-01-18,AMC,17,88,105,0.021
2021-01-18,BB,60,258,318,0.173
2021-01-18,BBBY,6,66,72,0.136
2021-01-18,GME,505,5212,5717,0.133
2021-01-18,NOK,5,71,76,0.133
2021-01-19,AMC,85,161,246,0.029
2021-01-19,BB,146,447,593,0.093
2021-01-19,BBBY,13,102,115,0.128
2021-01-19,GME,877,8891,9768,0.105
2021-01-19,NOK,19,255,274,0.134
2021-01-20,AMC,39,112,151,0.058
2021-01-20,BB,153,456,609,0.121
2021-01-20,BBBY,4,73,77,0.166
2021-01-20,GME,647,6843,7490,0.116
2021-01-20,NOK,20,514,534,0.078
2021-01-21,AMC,14,43,57,0.041
2021-01-21,BB,120,429,549,0.123
2021-01-21,BBBY,4,181,185,0.108
2021-01-21,GME,745,8218,8963,0.118
2021-01-21,NOK,29,561,590,0.122
2021-01-22,AMC,162,920,1082,0.063
2021-01-22,BB,188,662,850,0.137
2021-01-22,BBBY,30,265,295,0.084
2021-01-22,GME,2082,15291,17373,0.107
2021-01-22,NOK,16,408,424,0.115
2021-01-23,AMC,54,76,130,0.092
2021-01-23,BB,86,540,626,0.295
2021-01-23,BBBY,13,108,121,0.17
2021-01-23,GME,1100,9396,10496,0.162
2021-01-23,NOK,26,307,333,0.123
2021-01-24,AMC,34,18,52,0.219
2021-01-24,BB,78,89,167,0.28
2021-01-24,BBBY,5,52,57,0.234
2021-01-24,GME,963,2847,3810,0.154
2021-01-24,NOK,19,165,184,0.201
2021-01-25,AMC,574,0,574,0.125
2021-01-25,BB,526,0,526,0.102
2021-01-25,BBBY,111,0,111,0.25
2021-01-25,GME,4327,0,4327,0.11
2021-01-25,NOK,755,0,755,0.093
2021-01-26,AMC,222,0,222,0.1
2021-01-26,BB,328,0,328,0.129
2021-01-26,BBBY,55,0,55,0.311
2021-01-26,GME,2369,0,2369,0.114
2021-01-26,NOK,619,0,619,0.087
2021-01-27,AMC,7006,24144,31150,0.038
2021-01-27,BB,661,1077,1738,0.084
2021-01-27,BBBY,209,625,834,0.108
2021-01-27,GME,11435,37643,49078,0.051
2021-01-27,NOK,5491,25776,31267,0.032
2021-01-28,AMC,15105,27980,43085,0.018
2021-01-28,BB,1257,1485,2742,0.043
2021-01-28,BBBY,416,725,1141,0.048
2021-01-28,GME,31424,67321,98745,0.032
2021-01-28,NOK,7892,15182,23074,0.015
2021-01-29,AMC,7575,25731,33306,0.078
2021-01-29,BB,579,1212,1791,0.166
2021-01-29,BBBY,156,573,729,-0.025
2021-01-29,GME,16102,54063,70165,0.092
2021-01-29,NOK,3226,9987,13213,0.056
2021-01-30,AMC,3616,19835,23451,0.141
2021-01-30,BB,266,840,1106,0.184
2021-01-30,BBBY,60,251,311,0.143
2021-01-30,GME,8772,39638,48410,0.152
2021-01-30,NOK,973,6259,7232,0.134
2021-01-31,AMC,3064,15269,18333,0.151
2021-01-31,BB,186,667,853,0.168
2021-01-31,BBBY,46,278,324,0.103
2021-01-31,GME,7783,38740,46523,0.135
2021-01-31,NOK,694,4052,4746,0.141
2021-02-01,AMC,7509,26607,34116,0.083
2021-02-01,BB,274,735,1009,0.125
2021-02-01,BBBY,73,241,314,0.085
2021-02-01,GME,13294,43403,56697,0.084
2021-02-01,NOK,1309,6022,7331,0.101
2021-02-02,AMC,7916,17962,25878,0.045
2021-02-02,BB,185,419,604,0.096
2021-02-02,BBBY,45,89,134,0.121
2021-02-02,GME,14526,38607,53133,0.066
2021-02-02,NOK,1218,3013,4231,0.039
2021-02-03,AMC,2919,1230,4149,0.096
2021-02-03,BB,72,38,110,0.138
2021-02-03,BBBY,17,14,31,0.14
2021-02-03,GME,6048,2900,8948,0.108
2021-02-03,NOK,418,333,751,0.12
2021-02-04,AMC,105,0,105,0.125
2021-02-04,BB,5,0,5,0.0
2021-02-04,GME,327,0,327,0.09
2021-02-04,NOK,28,0,28,0.101
